{"2af8dc74-cbce-4bc7-b549-6a7ffa42e89c":{"created_at":1755955550.4319482},"a3589b08-2dd8-4a93-ac62-1692bb0cc290":{"created_at":1755955550.4358478},"591de09c-c2e6-4d63-b6fc-472ff57f38c6":{"created_at":1755955582.6518176},"ea1c8751-2564-45cc-ada5-14c181a74e0a":{"created_at":1755955582.6610684},"7b1c0fd2-a402-4031-8306-3aaeaa933f53":{"created_at":1755955621.1575456},"ff79c223-5db8-436e-9efa-3ddcf003cd5f":{"created_at":1755955621.1605263}}